sessions,keys,txns,ops,si_cobra_abort,si_mini_abort,ser_cobra_abort,ser_mini_abort
4,200,1000,20,43.993333333333325,1.3416666666666686,44.161666666666655,1.25
8,200,1000,20,57.085,3.0150000000000006,57.388333333333335,3.010000000000005
12,200,1000,20,61.525,3.7049999999999983,63.11166666666667,4.265000000000001
16,200,1000,20,64.1,5.041666666666671,63.87499999999999,5.958333333333329
20,200,1000,20,64.32666666666667,6.383333333333326,65.96,6.206666666666678
24,200,1000,20,65.89833333333334,7.181666666666658,66.83333333333333,7.8583333333333485
