sessions,keys,txns,ops,si_cobra_abort,si_mini_abort,ser_cobra_abort,ser_mini_abort,skewness
8,100,2000,20,64.125,5.711666666666687,64.845,5.783333333333346,20
8,200,2000,20,58.403333333333336,3.030000000000001,59.735,3.2249999999999943,10
8,500,2000,20,46.87,1.1983333333333235,48.57,1.3483333333333434,4
8,1000,2000,20,34.629999999999995,0.5416666666666572,36.97166666666667,1.701666666666668,2
8,2000,2000,20,23.769999999999996,0.32500000000000284,28.078333333333333,2.029999999999987,1
8,5000,2000,20,13.213333333333338,0.11666666666666003,19.194999999999993,1.5683333333333422,0.4
8,10000,2000,20,6.959999999999994,0.06666666666666288,14.50833333333334,1.1666666666666572,0.2
